The Dungeon,https://s3-us-west-2.amazonaws.com/tta1/sounds/dungeon/dungeon_bg1.ogg,https://s3-us-west-2.amazonaws.com/tta1/sounds/dungeon/dungeon_bg2.ogg,https://s3-us-west-2.amazonaws.com/tta1/sounds/dungeon/drips1_lp.ogg,https://s3-us-west-2.amazonaws.com/tta1/sounds/dungeon/rumble.ogg,https://s3-us-west-2.amazonaws.com/tta1/sounds/dungeon/bats.ogg,https://s3-us-west-2.amazonaws.com/tta1/sounds/dungeon/door_open.ogg,https://s3-us-west-2.amazonaws.com/tta1/sounds/dungeon/torches.ogg,https://s3-us-west-2.amazonaws.com/tta1/sounds/dungeon/door_close.ogg,https://s3-us-west-2.amazonaws.com/tta1/sounds/dungeon/scrape1a.ogg,https://s3-us-west-2.amazonaws.com/tta1/sounds/dungeon/growl1.ogg,https://s3-us-west-2.amazonaws.com/tta1/sounds/dungeon/low_tone1.ogg,https://s3-us-west-2.amazonaws.com/tta1/sounds/dungeon/flies.ogg,https://s3-us-west-2.amazonaws.com/tta1/sounds/dungeon/hi_tone_1.ogg,https://s3-us-west-2.amazonaws.com/tta1/sounds/dungeon/creature1.ogg,https://s3-us-west-2.amazonaws.com/tta1/sounds/dungeon/hi_tone_2.ogg,https://s3-us-west-2.amazonaws.com/tta1/sounds/dungeon/music_1.ogg,https://s3-us-west-2.amazonaws.com/tta1/sounds/dungeon/combat1.ogg,https://s3-us-west-2.amazonaws.com/tta1/sounds/dungeon/footsteps.ogg,https://s3-us-west-2.amazonaws.com/tta1/sounds/dungeon/screams.ogg,https://s3-us-west-2.amazonaws.com/tta1/sounds/dungeon/rats.ogg,https://s3-us-west-2.amazonaws.com/tta1/sounds/dungeon/stream.ogg,https://s3-us-west-2.amazonaws.com/tta1/sounds/dungeon/tone3.ogg,https://s3-us-west-2.amazonaws.com/tta1/sounds/dungeon/drums2.ogg,https://s3-us-west-2.amazonaws.com/tta1/sounds/dungeon/bubbles.ogg,https://s3-us-west-2.amazonaws.com/tta1/sounds/dungeon/music_3a.ogg,https://s3-us-west-2.amazonaws.com/tta1/sounds/dungeon/steam_release.ogg,https://s3-us-west-2.amazonaws.com/tta1/sounds/dungeon/ooze.ogg,https://s3-us-west-2.amazonaws.com/tta1/sounds/dungeon/roar.ogg,https://s3-us-west-2.amazonaws.com/tta1/sounds/combat/trap_arrow.ogg,https://s3-us-west-2.amazonaws.com/tta1/sounds/combat/trap_pit.ogg,https://s3-us-west-2.amazonaws.com/tta1/sounds/combat/trap_spike.ogg,https://s3-us-west-2.amazonaws.com/tta1/sounds/combat/trap_gate.ogg,https://s3-us-west-2.amazonaws.com/tta1/sounds/combat/trap_poison.ogg,https://s3-us-west-2.amazonaws.com/tta1/sounds/combat/magic_trap.ogg

Dark Forest,https://s3-us-west-2.amazonaws.com/tta1/sounds/dark_forest/wind1_lp.ogg,https://s3-us-west-2.amazonaws.com/tta1/sounds/dark_forest/wind2_lp.ogg,https://s3-us-west-2.amazonaws.com/tta1/sounds/dark_forest/rain1_lp.ogg,https://s3-us-west-2.amazonaws.com/tta1/sounds/dark_forest/rain2_lp.ogg,https://s3-us-west-2.amazonaws.com/tta1/sounds/dark_forest/rain3_lp.ogg,https://s3-us-west-2.amazonaws.com/tta1/sounds/dark_forest/thunder1.ogg,https://s3-us-west-2.amazonaws.com/tta1/sounds/dark_forest/thunder2.ogg,https://s3-us-west-2.amazonaws.com/tta1/sounds/dark_forest/stream1_lp.ogg,https://s3-us-west-2.amazonaws.com/tta1/sounds/dark_forest/campfire1_lp.ogg,https://s3-us-west-2.amazonaws.com/tta1/sounds/dark_forest/horsecart1_lp.ogg,https://s3-us-west-2.amazonaws.com/tta1/sounds/dark_forest/horses1_lp.ogg,https://s3-us-west-2.amazonaws.com/tta1/sounds/dark_forest/footsteps1_lp.ogg,https://s3-us-west-2.amazonaws.com/tta1/sounds/dark_forest/ethereal1_lp.ogg,https://s3-us-west-2.amazonaws.com/tta1/sounds/dark_forest/ethereal2_lp.ogg,https://s3-us-west-2.amazonaws.com/tta1/sounds/dark_forest/ethereal3_lp.ogg,https://s3-us-west-2.amazonaws.com/tta1/sounds/dark_forest/dogs_barking.ogg,https://s3-us-west-2.amazonaws.com/tta1/sounds/dark_forest/ethereal_dark1_lp.ogg,https://s3-us-west-2.amazonaws.com/tta1/sounds/dark_forest/wolf_howl1.ogg,https://s3-us-west-2.amazonaws.com/tta1/sounds/dark_forest/owl2.ogg,https://s3-us-west-2.amazonaws.com/tta1/sounds/dark_forest/cicada1_lp.ogg,https://s3-us-west-2.amazonaws.com/tta1/sounds/dark_forest/bear1.ogg,https://s3-us-west-2.amazonaws.com/tta1/sounds/dark_forest/snarl1.ogg,https://s3-us-west-2.amazonaws.com/tta1/sounds/dark_forest/hawk1.ogg,https://s3-us-west-2.amazonaws.com/tta1/sounds/dark_forest/snake1.ogg,https://s3-us-west-2.amazonaws.com/tta1/sounds/dark_forest/distant_drums1_lp.ogg,https://s3-us-west-2.amazonaws.com/tta1/sounds/dark_forest/spirit_breath1.ogg,https://s3-us-west-2.amazonaws.com/tta1/sounds/dark_forest/trees_fall1.ogg,https://s3-us-west-2.amazonaws.com/tta1/sounds/dark_forest/whispers1.ogg,https://s3-us-west-2.amazonaws.com/tta1/sounds/dark_forest/scared_horses2.ogg,https://s3-us-west-2.amazonaws.com/tta1/sounds/dark_forest/music_eerie_flute1.ogg,https://s3-us-west-2.amazonaws.com/tta1/sounds/dark_forest/music_forest_action1.ogg,https://s3-us-west-2.amazonaws.com/tta1/sounds/dark_forest/music_forest_combat1.ogg,


Olde Towne,https://s3-us-west-2.amazonaws.com/tta1/sounds/olde_towne/sm_group_voices_1a.ogg,https://s3-us-west-2.amazonaws.com/tta1/sounds/olde_towne/lg_group_voices_a.ogg,https://s3-us-west-2.amazonaws.com/tta1/sounds/olde_towne/wind_1a.ogg,https://s3-us-west-2.amazonaws.com/tta1/sounds/olde_towne/blacksmith1.ogg,https://s3-us-west-2.amazonaws.com/tta1/sounds/olde_towne/cows1a.ogg,https://s3-us-west-2.amazonaws.com/tta1/sounds/olde_towne/chickens1a.ogg,https://s3-us-west-2.amazonaws.com/tta1/sounds/olde_towne/horse_carts.ogg,https://s3-us-west-2.amazonaws.com/tta1/sounds/olde_towne/birdsong2.ogg,https://s3-us-west-2.amazonaws.com/tta1/sounds/olde_towne/crickets2.ogg,https://s3-us-west-2.amazonaws.com/tta1/sounds/olde_towne/fountain2.ogg,https://s3-us-west-2.amazonaws.com/tta1/sounds/olde_towne/horse_traffic2.ogg,https://s3-us-west-2.amazonaws.com/tta1/sounds/olde_towne/foot_traffic.ogg,https://s3-us-west-2.amazonaws.com/tta1/sounds/olde_towne/church_bell.ogg,https://s3-us-west-2.amazonaws.com/tta1/sounds/dark_forest/rain1_lp.ogg,https://s3-us-west-2.amazonaws.com/tta1/sounds/dark_forest/thunder1.ogg,https://s3-us-west-2.amazonaws.com/tta1/sounds/olde_towne/construction.ogg,https://s3-us-west-2.amazonaws.com/tta1/sounds/olde_towne/dogs_barking.ogg,https://s3-us-west-2.amazonaws.com/tta1/sounds/olde_towne/tavern_sign.ogg,https://s3-us-west-2.amazonaws.com/tta1/sounds/olde_towne/flag_wind.ogg,https://s3-us-west-2.amazonaws.com/tta1/sounds/olde_towne/boat_in_harbor2.ogg,https://s3-us-west-2.amazonaws.com/tta1/sounds/olde_towne/hurdy_gurdy2.ogg,https://s3-us-west-2.amazonaws.com/tta1/sounds/olde_towne/breeze.ogg,https://s3-us-west-2.amazonaws.com/tta1/sounds/olde_towne/fanfare1.ogg,https://s3-us-west-2.amazonaws.com/tta1/sounds/olde_towne/gate.ogg,https://s3-us-west-2.amazonaws.com/tta1/sounds/olde_towne/door_sm_open.ogg,https://s3-us-west-2.amazonaws.com/tta1/sounds/olde_towne/door_sm_close.ogg,https://s3-us-west-2.amazonaws.com/tta1/sounds/olde_towne/crowd_cheer2.ogg,https://s3-us-west-2.amazonaws.com/tta1/sounds/olde_towne/explosion1.ogg,https://s3-us-west-2.amazonaws.com/tta1/sounds/olde_towne/tone2.ogg,https://s3-us-west-2.amazonaws.com/tta1/sounds/olde_towne/celtic_harp_choir2.ogg,https://s3-us-west-2.amazonaws.com/tta1/sounds/olde_towne/city_wonder_cue_a.ogg,https://s3-us-west-2.amazonaws.com/tta1/sounds/olde_towne/city_action_cue.ogg,https://s3-us-west-2.amazonaws.com/tta1/sounds/olde_towne/tone3.ogg,https://s3-us-west-2.amazonaws.com/tta1/sounds/olde_towne/vendors2.ogg,https://s3-us-west-2.amazonaws.com/tta1/sounds/olde_towne/dragon2.ogg,https://s3-us-west-2.amazonaws.com/tta1/sounds/olde_towne/city_wonder_cue_a.ogg,https://s3-us-west-2.amazonaws.com/tta1/sounds/olde_towne/city_action_cue.ogg,https://s3-us-west-2.amazonaws.com/tta1/sounds/olde_towne/tone3.ogg,https://s3-us-west-2.amazonaws.com/tta1/sounds/olde_towne/vendors2.ogg,https://s3-us-west-2.amazonaws.com/tta1/sounds/olde_towne/dragon2.ogg,https://s3-us-west-2.amazonaws.com/tta1/sounds/olde_towne/explosion1.ogg

Combat,https://s3-us-west-2.amazonaws.com/tta1/sounds/combat/bow_single_shot.ogg,https://s3-us-west-2.amazonaws.com/tta1/sounds/combat/bow_multi.ogg,https://s3-us-west-2.amazonaws.com/tta1/sounds/combat/sm_group.ogg,https://s3-us-west-2.amazonaws.com/tta1/sounds/combat/horses_1.ogg,https://s3-us-west-2.amazonaws.com/tta1/sounds/combat/war_drums_1.ogg,https://s3-us-west-2.amazonaws.com/tta1/sounds/combat/war_horn_1.ogg,https://s3-us-west-2.amazonaws.com/tta1/sounds/combat/spell_1.ogg,https://s3-us-west-2.amazonaws.com/tta1/sounds/combat/heal_spell_1a.ogg,https://s3-us-west-2.amazonaws.com/tta1/sounds/combat/fire_spell_2.ogg,https://s3-us-west-2.amazonaws.com/tta1/sounds/combat/ice_spell_2.ogg,https://s3-us-west-2.amazonaws.com/tta1/sounds/combat/back_stab.ogg,https://s3-us-west-2.amazonaws.com/tta1/sounds/combat/shield_bash.ogg,https://s3-us-west-2.amazonaws.com/tta1/sounds/combat/horse_attack.ogg,https://s3-us-west-2.amazonaws.com/tta1/sounds/combat/explosion_1.ogg,https://s3-us-west-2.amazonaws.com/tta1/sounds/combat/skirmish.ogg,https://s3-us-west-2.amazonaws.com/tta1/sounds/combat/large_group.ogg,https://s3-us-west-2.amazonaws.com/tta1/sounds/combat/club_attack.ogg,https://s3-us-west-2.amazonaws.com/tta1/sounds/combat/conjuring.ogg,https://s3-us-west-2.amazonaws.com/tta1/sounds/combat/throwing_axe_2x.ogg,https://s3-us-west-2.amazonaws.com/tta1/sounds/combat/earth_spell.ogg,https://s3-us-west-2.amazonaws.com/tta1/sounds/combat/trap_arrow.ogg,https://s3-us-west-2.amazonaws.com/tta1/sounds/combat/sword_hit_3x.ogg,https://s3-us-west-2.amazonaws.com/tta1/sounds/combat/roars_4x.ogg,https://s3-us-west-2.amazonaws.com/tta1/sounds/combat/trap_pit.ogg,https://s3-us-west-2.amazonaws.com/tta1/sounds/combat/trap_spike.ogg,https://s3-us-west-2.amazonaws.com/tta1/sounds/combat/trap_gate.ogg,https://s3-us-west-2.amazonaws.com/tta1/sounds/combat/trap_poison.ogg,https://s3-us-west-2.amazonaws.com/tta1/sounds/combat/attack_yell_x4a.ogg,https://s3-us-west-2.amazonaws.com/tta1/sounds/combat/grunts.ogg,https://s3-us-west-2.amazonaws.com/tta1/sounds/combat/nature_spell.ogg,https://s3-us-west-2.amazonaws.com/tta1/sounds/combat/music_spell_2.ogg,https://s3-us-west-2.amazonaws.com/tta1/sounds/combat/staff_attack.ogg,https://s3-us-west-2.amazonaws.com/tta1/sounds/combat/footstep_scuffle.ogg,https://s3-us-west-2.amazonaws.com/tta1/sounds/combat/magic_trap.ogg,https://s3-us-west-2.amazonaws.com/tta1/sounds/combat/shield_block_x4.ogg,https://s3-us-west-2.amazonaws.com/tta1/sounds/combat/punch_x4.ogg

The Tavern,https://s3-us-west-2.amazonaws.com/tta1/sounds/tavern/background_walla1b.ogg,https://s3-us-west-2.amazonaws.com/tta1/sounds/tavern/fireplace_loop_c.ogg,https://s3-us-west-2.amazonaws.com/tta1/sounds/tavern/glasses_stacking.ogg,https://s3-us-west-2.amazonaws.com/tta1/sounds/tavern/tavern_loop_lite_a.ogg,https://s3-us-west-2.amazonaws.com/tta1/sounds/tavern/laughter_b_x4.ogg,https://s3-us-west-2.amazonaws.com/tta1/sounds/tavern/innkeeper_1_x4.ogg,https://s3-us-west-2.amazonaws.com/tta1/sounds/tavern/innkeeper_2_x4.ogg,https://s3-us-west-2.amazonaws.com/tta1/sounds/tavern/tavern_door.ogg,https://s3-us-west-2.amazonaws.com/tta1/sounds/tavern/tavern_door.ogg,https://s3-us-west-2.amazonaws.com/tta1/sounds/tavern/snoring.ogg,https://s3-us-west-2.amazonaws.com/tta1/sounds/tavern/lute_music_1.ogg,https://s3-us-west-2.amazonaws.com/tta1/sounds/tavern/lute_music_2.ogg,https://s3-us-west-2.amazonaws.com/tta1/sounds/tavern/lute_ballad.ogg,https://s3-us-west-2.amazonaws.com/tta1/sounds/tavern/coins_on_bar.ogg,https://s3-us-west-2.amazonaws.com/tta1/sounds/tavern/pour_drink.ogg,https://s3-us-west-2.amazonaws.com/tta1/sounds/tavern/knife_sharpening.ogg,https://s3-us-west-2.amazonaws.com/tta1/sounds/tavern/psst.ogg,https://s3-us-west-2.amazonaws.com/tta1/sounds/tavern/tavern_door_wind.ogg,https://s3-us-west-2.amazonaws.com/tta1/sounds/tavern/table_flip.ogg,https://s3-us-west-2.amazonaws.com/tta1/sounds/tavern/horses_outside.ogg,https://s3-us-west-2.amazonaws.com/tta1/sounds/tavern/light_applause.ogg,https://s3-us-west-2.amazonaws.com/tta1/sounds/tavern/wind_outside.ogg,https://s3-us-west-2.amazonaws.com/tta1/sounds/tavern/old_drunk_c_x4.ogg,https://s3-us-west-2.amazonaws.com/tta1/sounds/tavern/serving_stew.ogg,https://s3-us-west-2.amazonaws.com/tta1/sounds/tavern/cheers.ogg,https://s3-us-west-2.amazonaws.com/tta1/sounds/tavern/boos.ogg,https://s3-us-west-2.amazonaws.com/tta1/sounds/tavern/footsteps_x4.ogg,https://s3-us-west-2.amazonaws.com/tta1/sounds/tavern/drinking_game.ogg

Age of Sail,https://s3-us-west-2.amazonaws.com/tta1/sounds/sail/seawash_light_b.ogg,https://s3-us-west-2.amazonaws.com/tta1/sounds/sail/seawash_med2_b.ogg,https://s3-us-west-2.amazonaws.com/tta1/sounds/sail/mast_creaks_b.ogg,https://s3-us-west-2.amazonaws.com/tta1/sounds/sail/wind_strong2_b.ogg,https://s3-us-west-2.amazonaws.com/tta1/sounds/sail/gale3a.ogg,https://s3-us-west-2.amazonaws.com/tta1/sounds/sail/rope_creaks_b.ogg,https://s3-us-west-2.amazonaws.com/tta1/sounds/sail/bilge_pumps_b.ogg,https://s3-us-west-2.amazonaws.com/tta1/sounds/sail/seawash_heavy2_b.ogg,https://s3-us-west-2.amazonaws.com/tta1/sounds/sail/seagulls_b.ogg,https://s3-us-west-2.amazonaws.com/tta1/sounds/sail/ships_bell_c.ogg,https://s3-us-west-2.amazonaws.com/tta1/sounds/sail/sails_flapping_b.ogg,https://s3-us-west-2.amazonaws.com/tta1/sounds/sail/below_decks2_b.ogg,https://s3-us-west-2.amazonaws.com/tta1/sounds/sail/broadsides_x4.ogg,https://s3-us-west-2.amazonaws.com/tta1/sounds/dark_forest/rain3_lp.ogg,https://s3-us-west-2.amazonaws.com/tta1/sounds/dark_forest/thunder2.ogg,https://s3-us-west-2.amazonaws.com/tta1/sounds/sail/cannon_single_4x_b.ogg,https://s3-us-west-2.amazonaws.com/tta1/sounds/sail/hoist_sail_b.ogg,https://s3-us-west-2.amazonaws.com/tta1/sounds/sail/destruction_x4.ogg,https://s3-us-west-2.amazonaws.com/tta1/sounds/sail/beat_to_quarters_b.ogg,https://s3-us-west-2.amazonaws.com/tta1/sounds/sail/repairs_b.ogg,https://s3-us-west-2.amazonaws.com/tta1/sounds/sail/bosun_whistle_b.ogg,https://s3-us-west-2.amazonaws.com/tta1/sounds/sail/cheer_x4.ogg,https://s3-us-west-2.amazonaws.com/tta1/sounds/sail/sailors_active_b.ogg,https://s3-us-west-2.amazonaws.com/tta1/sounds/sail/drum_music_1c.ogg,https://s3-us-west-2.amazonaws.com/tta1/sounds/sail/drunken_sailor_edit.ogg,https://s3-us-west-2.amazonaws.com/tta1/sounds/sail/siren_song_lp.ogg,https://s3-us-west-2.amazonaws.com/tta1/sounds/sail/deck_chatter_b.ogg,https://s3-us-west-2.amazonaws.com/tta1/sounds/sail/deck_fight_blades_b.ogg,